,text,likes,retweets,replies,Year,lemmatized,polarity,subjectivity,polarity_text
2468,.@Disney is working with @nokia to step up its #360video game http://uploadvr.com/disney-partnering-nokia-create-behind-scenes-vr-content/ … #VRpic.twitter.com/cwcUaOvs2G,24,12,0,2016,disney working with nokia step up it 360video game uploadvr com disney partnering nokia create behind scene content vrpic twitter com cwcuaovs2g,-0.4,0.55,negative
5283,Nokia’s fall means the rise of startups in Finland http://tcrn.ch/1koxUx7 pic.twitter.com/zp1JdXSNG0,65,83,2,2015,nokia fall mean rise startup finland tcrn ch 1koxux7 pic twitter com zp1jdxsng0,-0.3125,0.6875,negative
8419,"-wendy with her iphone 6-
w: ""seulgi, where can i get the old snake game?""
s: ""u mean the...""
w: ""the one we used to play on nokia phones""",44,55,2,2015,wendy with her iphone 6 seulgi where can get old snake game mean one we used play nokia phone,-0.2041666666666667,0.4291666666666667,negative
13773,I think it's like slamming your Nokia flip phone closed.  https://twitter.com/tess_holliday/status/726898930412199936 …,22,10,0,2016,like slamming your nokia flip phone closed twitter com tess_holliday status 726898930412199936,-0.1,0.1,negative
14275,fridays show gonna be the first one since nokia jan.30th..been a min cant wait to fuck shit up with my boys,88,13,4,2016,friday show gonna be first one since nokia jan 30th been min cant wait fuck shit up with my boy,-0.11666666666666668,0.5777777777777778,negative
15123,#Healthtip from @Withings: what does it really mean when you have a #fever? It’s your body fighting back. http://nokia.ly/2dzomfA pic.twitter.com/lCZsZ0U6UZ,59,17,2,2016,healthtip from withings what doe really mean when you have fever your body fighting back nokia 2dzomfa pic twitter com lczsz0u6uz,-0.15625,0.34375,negative
17596,"Me: ""Did you hear about Vine shutting down?""
Dad (from his Nokia 3100): ""You still got that lesbian haircut?""",31,0,0,2016,me did you hear about vine shutting down dad from his nokia 3100 you got that lesbian haircut,-0.15555555555555559,0.2888888888888889,negative
18330,Did aliens leave behind this 2800-year-old Nokia? http://svn.tn/6014BbtyG pic.twitter.com/9j6pKxFVQP,48,7,0,2016,did alien leave behind this 2800 year old nokia svn tn 6014bbtyg pic twitter com 9j6pkxfvqp,-0.18333333333333335,0.5499999999999999,negative
20507,You don’t have to be afraid of the wild in #VR. Come a little closer.pic.twitter.com/9Y8itGTJwc,109,33,2,2016,you don t have be afraid wild come little closer pic twitter com 9y8itgtjwc,-0.22916666666666666,0.6,negative
21319,Video: Zack (JerryRigEverything) tried to destroy Nokia 2 but with no luck http://nokiamob.net/2017/12/22/video-zack-jerryrigeverything-tried-to-destroy-nokia-2-but-with-no-luck/ …pic.twitter.com/VoRjnMk94s,26,6,1,2017,video zack jerryrigeverything tried destroy nokia 2 but with no luck nokiamob net 2017 12 22 video zack jerryrigeverything tried destroy nokia 2 but with no luck pic twitter com vorjnmk94s,-0.13333333333333333,0.0,negative
21624,"flo is older than chyler, chyler has no excuse as to why her photos look like they were taken with a nokia trapped inside a brick",26,4,2,2018,flo older than chyler chyler ha no excuse a why her photo look like were taken with nokia trapped inside brick,-0.0027777777777777866,0.12777777777777777,negative
22924,"How would you kill a Lich who put their soul in a Nokia 3310?
#random #DnD #rpg",27,14,8,2017,how would you kill lich who put their soul nokia 3310 random dnd rpg,-0.5,0.5,negative
23674,People who argue that anti-trust was the reason Microsoft lost dominance  (which I think is high debatable) never seem to mention the parallel failure of Nokia,69,6,10,2017,people who argue that anti trust wa reason microsoft lost dominance which high debatable never seem mention parallel failure nokia,-0.05222222222222223,0.27999999999999997,negative
24499,For at least a decade no-one in America understood this. Contributed to Nokia's complacency. pic.twitter.com/7foECbrwSy,37,15,2,2017,at least decade no one america understood this contributed nokia complacency pic twitter com 7foecbrwsy,-0.3,0.4,negative
25205,"What if Nokia decided to make a count down. Maybe we're still going to get a Nokia 7,6,5...
#Nokia8pic.twitter.com/J15ipVOOLg",26,12,1,2017,what if nokia decided make count down maybe we re going get nokia 7 6 5 nokia8pic twitter com j15ipvoolg,-0.15555555555555559,0.2888888888888889,negative
25363,If you can't close YouTube while the music still plays on the iPhone 8 then I'm fucking it off and getting a Nokia 3310 mate.,86,13,3,2017,if you can t close youtube while music play iphone 8 then m fucking off getting nokia 3310 mate,-0.6,0.8,negative
25686,"But of course people think the battery tech of today is the same of their first Nokia phone so yeah, they say a lot of crap",30,3,1,2017,but course people battery tech today same their first nokia phone so yeah say lot crap,-0.18333333333333335,0.41944444444444445,negative
27610,Have Justin's candids lately been taken with a Nokia or,24,5,2,2017,have justin candids lately been taken with nokia or,-0.3,0.6,negative
27975,Appeared pink prototype of cancelled #Nokia Lauta RM-742 (2011) device with slide-out keyboard. Source: http://talk.maemo.org/showpost.php?p=1526728&postcount=50 … #MeeGopic.twitter.com/6MvIFUoYtX,51,24,4,2017,appeared pink prototype cancelled nokia lauta rm 742 2011 device with slide out keyboard source talk maemo org showpost php p 1526728 postcount 50 meegopic twitter com 6mvifuoytx,-0.1,0.3,negative
28593,Nostalgic Nokia 3310 makes much awaited comeback http://bit.ly/2so19Y4 ,21,2,0,2017,nostalgic nokia 3310 make much awaited comeback bit 2so19y4,-0.15,0.6,negative
29078,It's pretty crazy that they ported call of duty to the nokia n-gage. It's got 4-player multiplayer! pic.twitter.com/bYtTh4c7Cv,72,14,8,2018,pretty crazy that ported call duty nokia n gage got 4 player multiplayer pic twitter com bytth4c7cv,-0.175,0.95,negative
29536,what we are not gonna do in these comments is SHIT on Princess Nokia,105,1,0,2018,what we are not gonna do these comment shit princess nokia,-0.2,0.8,negative
30099,Yeah 30 million views reached! Mostly down to @Nokiamobile with my nokia 8 reaching 11 million!!! pic.twitter.com/vHMprPBE1e,22,3,3,2018,yeah 30 million view reached mostly down nokiamobile with my nokia 8 reaching 11 million pic twitter com vhmprpbe1e,-0.15555555555555559,0.2888888888888889,negative
30150,What will the Nokia 9 and iPhone X have in common? Price https://pocketnow.com/2018/07/24/nokia-9-price-rumors …,21,6,1,2018,what will nokia 9 iphone have common price pocketnow com 2018 07 24 nokia 9 price rumor,-0.3,0.5,negative
30306,Get the school and parents involved! Absolutely disgusting and as a minimum punishment these girls should not have social media or even phones. Nokia 3210 if its a must! #bullies,31,1,2,2018,get school parent involved absolutely disgusting a minimum punishment these girl should not have social medium or even phone nokia 3210 if it must bully,-0.48333333333333334,0.5333333333333333,negative
30357,"CP Q2 2018 data: In India, Nokia No. 3 in feature phones, but still not in top 5 in smartphones http://nokiamob.net/2018/07/24/cp-q2-2018-data-in-india-nokia-no-3-in-feature-phones-but-still-not-in-top-5-in-smartphones/ …pic.twitter.com/ci7lZN25F2",37,6,1,2018,cp q2 2018 data india nokia no 3 feature phone but not top 5 smartphones nokiamob net 2018 07 24 cp q2 2018 data india nokia no 3 feature phone but not top 5 smartphones pic twitter com ci7lzn25f2,-0.16666666666666666,0.3333333333333333,negative
30363,y’all think azealia and princess nokia go shopping for brujería chickens together,43,6,2,2018,y all azealia princess nokia shopping brujería chicken together,-0.6,0.95,negative
30539,"I m fairly disappointed with xiaomi..it shud have competed with nokia 7 plus.. 

1. but no earphone bundled
2. No 3.5mm jack
3. no micro sd slot
4. Lesser battery
5. Even that battery no QC3.0 bundled

That means its cutting costs by 2k to 3k above.. Nokia still a better brand !",45,1,4,2018,m fairly disappointed with xiaomi shud have competed with nokia 7 plus 1 but no earphone bundled 2 no 3 5mm jack 3 no micro sd slot 4 lesser battery 5 even that battery no qc3 0 bundled that mean it cutting cost by 2k 3k above nokia better brand,-0.19375,0.5729166666666666,negative
30872,"Why do lads think it’s mega to be swinging their Nokia Basher about and getting fucking Wods of cash out in a fucking takeaway like their mega. We get it, you sell drugs, it’s 2018!",23,8,0,2018,why do lad mega be swinging their nokia basher about getting fucking wods cash out fucking takeaway like their mega we get you sell drug 2018,-0.6,0.8,negative
32817,"Made someone go round me because I couldn't climb the step to go around her.
She expressed her disdain by ""accidentally"" smacking me in the face with her bag. Hard.
I don't know wtf was in there, but it felt like a brick. Not even a house brick. A Nokia brick.
#EverydayAbleismhttps://twitter.com/WheelsofSteer/status/1081080621382987776 …",33,2,11,2019,made someone round me because couldn t climb step around her she expressed her disdain by accidentally smacking me face with her bag hard don t know wtf wa there but felt like brick not even house brick nokia brick everydayableismhttps twitter com wheelsofsteer status 1081080621382987776,-0.33055555555555555,0.6472222222222223,negative
33108,POV: Comparing Apple to Nokia is borderline insane https://nokiamob.net/2019/01/04/pov-comparing-apple-to-nokia-is-borderline-insane/ …pic.twitter.com/NRYeUUFGFf,41,3,0,2019,pov comparing apple nokia borderline insane nokiamob net 2019 01 04 pov comparing apple nokia borderline insane pic twitter com nryeuufgff,-0.6666666666666666,0.6666666666666666,negative
33572,"naaah

Nokia killed itself by not innovating, being afraid of android and hiring Elop.",20,0,2,2018,naaah nokia killed itself by not innovating being afraid android hiring elop,-0.4,0.45,negative
34642,Honestly if iPhones weren’t so fragile and expensive I would throw it at walls SO often. I need a Nokia for when I’m mad so I can just launch it,35,5,1,2018,honestly if iphones weren t so fragile expensive would throw at wall so often need nokia when m mad so can just launch,-0.13125,0.7749999999999999,negative
34864,"Nokia 7 Plus performance review: Heavy Gaming, Browsing, & Multitasking hands-on https://nokiapoweruser.com/nokia-7-plus-performance-review-heavy-gaming-browsing-multitasking-hands-on/ …pic.twitter.com/l5e9Q0FrV2",38,3,0,2018,nokia 7 plus performance review heavy gaming browsing multitasking hand nokiapoweruser com nokia 7 plus performance review heavy gaming browsing multitasking hand pic twitter com l5e9q0frv2,-0.2,0.5,negative
34900,"Nokia 8 Sirocco performance review: Heavy Gaming, Browsing, & Multitasking hands-on https://nokiapoweruser.com/nokia-8-sirocco-performance-review-heavy-gaming-browsing-multitasking-hands-on/ …pic.twitter.com/NG4PF5Iuy1",23,1,0,2018,nokia 8 sirocco performance review heavy gaming browsing multitasking hand nokiapoweruser com nokia 8 sirocco performance review heavy gaming browsing multitasking hand pic twitter com ng4pf5iuy1,-0.2,0.5,negative
35467,[Deal] Nokia 3.1 Plus is down to ₹10499 in India https://nokiapoweruser.com/deal-nokia-3-1-plus-is-now-down-to-%e2%82%b910499-in-india/ …pic.twitter.com/e9GiaaBnSX,50,3,1,2018,deal nokia 3 1 plus down 10499 india nokiapoweruser com deal nokia 3 1 plus now down e2 82 b910499 india pic twitter com e9giaabnsx,-0.15555555555555559,0.2888888888888889,negative
35597,"TIM says it has completed 99% 5G coverage of San Marino. 
Coverage is provided by 8 macro sites with 3.5GHz antennas, and ""some"" with 26 GHz. ""Very shortly, 5G prime small cells will be installed"". Supplier = Nokia.

(San Marino is 61 sq km, pop 33,000 - Wikipedia)",25,10,1,2018,tim say ha completed 99 5g coverage san marino coverage provided by 8 macro site with 3 5ghz antenna some with 26 ghz very shortly 5g prime small cell will be installed supplier nokia san marino 61 sq km pop 33 000 wikipedia,-0.125,0.395,negative
35648,Dropped my phone and now have the black screen of death.. 2nd phone I've broken in the space of a month.. Nokia 3210 I need you back in my life,268,18,65,2018,dropped my phone now have black screen death 2nd phone ve broken space month nokia 3210 need you back my life,-0.14166666666666666,0.20833333333333334,negative
35913,Two unknown Nokia phones certified in Russia (TA-1087 and TA-1119) http://nokiamob.net/2018/07/05/two-unknown-nokia-phones-certified-in-russia-ta-1087-and-ta-1119/ …pic.twitter.com/5aWB7S7WWO,33,4,0,2018,two unknown nokia phone certified russia ta 1087 ta 1119 nokiamob net 2018 07 05 two unknown nokia phone certified russia ta 1087 ta 1119 pic twitter com 5awb7s7wwo,-0.06666666666666667,0.39999999999999997,negative
36986,Nokia's crazy 5-camera phone comes to the U.S. on March 3 https://trib.al/aBDdWrV pic.twitter.com/uS3VuRUkq6,24,13,1,2019,nokia crazy 5 camera phone come march 3 trib al abddwrv pic twitter com us3vurukq6,-0.6,0.9,negative
37211,i heard a princess nokia song for the 1st time yesterday.... isn't it just so fucked up how we can't unhear things,54,7,2,2018,heard princess nokia song 1st time yesterday isn t just so fucked up how we can t unhear thing,-0.6,0.7,negative
38097,"no, it's not. in the real version ariana says 'nokia minja'",22,0,0,2018,no not real version ariana say nokia minja,-0.1,0.30000000000000004,negative
38659,"Lenovo K-Series Back, Crazy Asus Deals, Moto G7, Nokia 7.1, Pie Update on Nokia, Mi TV - TTN#226
https://youtu.be/8oVLwv1KTAo ",166,43,30,2018,lenovo k series back crazy asus deal moto g7 nokia 7 1 pie update nokia mi tv ttn 226 youtu be 8ovlwv1ktao,-0.3,0.45,negative
39099,Nobody said nothing about you weak ass rap hoes PRINCESS NOKIA spoke about me & stated her opinion on colorism you bitches wanna feel important so bad,421,97,5,2018,nobody said nothing about you weak as rap hoe princess nokia spoke about me stated her opinion colorism you bitch wanna feel important so bad,-0.22499999999999995,0.7638888888888888,negative
39129,""" odd's that even thee "" 
Shot on : Nokia 8

A simple composition made interesting by using the simple rule of odd's with the sun hiding behind the clouds.

@Nokiamobile @nokia @NokianChetan @NokiamobBlog @NokiamobileIN @NokiaRevolution @nokianesia @CarlZeissIM  @carlzeisslensespic.twitter.com/S2difVWB6H",34,1,0,2018,odd that even thee shot nokia 8 simple composition made interesting by using simple rule odd with sun hiding behind cloud nokiamobile nokia nokianchetan nokiamobblog nokiamobilein nokiarevolution nokianesia carlzeissim carlzeisslensespic twitter com s2difvwb6h,-0.03888888888888888,0.40238095238095245,negative
39278,Shit! I dropped my Nokia,70,2,1,2018,shit dropped my nokia,-0.2,0.8,negative
39325,[Unseen Pic] @ParineetiChopra behind the scenes of her Nokia ad with @YianniTsapatoripic.twitter.com/qfPLZMoMUa,21,10,0,2018,unseen pic parineetichopra behind scene her nokia ad with yiannitsapatoripic twitter com qfplzmomua,-0.4,0.7,negative
40062,"@janerygaard of @nokia presents solution for healthy @5GCity with efficient #AI -enabled dynamic model for measuring air pollution, sensors connected to #5G mobile base stations. #EU5GConf #ehealthpic.twitter.com/qYLQv9MxCq",63,9,1,2019,janerygaard nokia present solution healthy 5gcity with efficient ai enabled dynamic model measuring air pollution sensor connected 5g mobile base station eu5gconf ehealthpic twitter com qylqv9mxcq,-0.07500000000000001,0.41666666666666663,negative
40085,"#EU5GConf: @nokia @janerygaard ""with enhanced connectivity/ #5G every hospital bed is not only a moving robot but also a diagnosis center!""  #eHealth @nokiahealthcarepic.twitter.com/zmnXe7JgrD",26,19,1,2019,eu5gconf nokia janerygaard with enhanced connectivity 5g every hospital bed not only moving robot but also diagnosis center ehealth nokiahealthcarepic twitter com zmnxe7jgrd,-0.05,0.55,negative
41075,Price drop: Nokia 3.1 is now down to $140 in the US https://nokiapoweruser.com/dealnokia-3-1-is-now-down-to-140-in-the-us/ …pic.twitter.com/i71iZKjvMZ,34,1,1,2019,price drop nokia 3 1 now down 140 nokiapoweruser com dealnokia 3 1 now down 140 pic twitter com i71izkjvmz,-0.15555555555555559,0.2888888888888889,negative
41096,"Mi 9 Launch Date, Xiaomi/OnePlus Users Dont Worry,I.E Use Mat Karo,Nokia 9, Chrome Dark Mode-TTN#333
https://www.youtube.com/watch?v=K_FwiHlAsiA …",163,21,14,2019,mi 9 launch date xiaomi oneplus user dont worry use mat karo nokia 9 chrome dark mode ttn 333 youtube com watch v k_fwihlasia,-0.15,0.4,negative
41221,"Goan Sunset...

Shot on @NokiaMobile 7+ (unprocessed)

@NokiamobBlog @Nokiapoweruser @NokiaMobile @sarvikas @nokia #nokia7plus #NokiaMobile #nokiaindiapic.twitter.com/7RSupQQTWp",47,3,1,2019,goan sunset shot nokiamobile 7 unprocessed nokiamobblog nokiapoweruser nokiamobile sarvikas nokia nokia7plus nokiamobile nokiaindiapic twitter com 7rsupqqtwp,-0.1,0.1,negative
41241,"Facebook-Whatsapp Merg Blocked,FAKE 5G,OPPO F11 Pro,Indian Smrtphone Growth,Pixel 4,Nokia 9-#761
https://www.youtube.com/watch?v=PCEjpd-O4lc …pic.twitter.com/XQirXxh2nZ",195,10,8,2019,facebook whatsapp merg blocked fake 5g oppo f11 pro indian smrtphone growth pixel 4 nokia 9 761 youtube com watch v pcejpd o4lc pic twitter com xqirxxh2nz,-0.5,1.0,negative
42373,"Dear TV Stations,
My children don't want TV. They play games, watch MP4 movies & series and YouTube vedios on the TV set, but they never watch.

In a few years, you won't have any customers. Like happened to Kodak & Nokia.",209,69,15,2019,dear tv station my child don t want tv play game watch mp4 movie series youtube vedios tv set but never watch few year you won t have any customer like happened kodak nokia,-0.30000000000000004,0.25,negative
42912,Nokia 9 pureview. @teampureview #nokia9 #Nokia9PureView #Nokia @TheLightCo @NokiaMobile @HMDGlobal  Downtown shot. Raw edited.pic.twitter.com/V6HsitMHkm,97,4,0,2019,nokia 9 pureview teampureview nokia9 nokia9pureview nokia thelightco nokiamobile hmdglobal downtown shot raw edited pic twitter com v6hsitmhkm,-0.23076923076923078,0.46153846153846156,negative
42968,"HMD unable to reproduce Nokia 9 PureView Fingerprint sensor issue, to investigate the faulty unit https://nokiapoweruser.com/hmd-unable-to-reproduce-nokia-9-pureview-fingerprint-sensor-issue-to-investigate-the-faulty-unit/ …pic.twitter.com/d5ob4a9VbR",46,6,5,2019,hmd unable reproduce nokia 9 pureview fingerprint sensor issue investigate faulty unit nokiapoweruser com hmd unable reproduce nokia 9 pureview fingerprint sensor issue investigate faulty unit pic twitter com d5ob4a9vbr,-0.5,0.5,negative
43225,"my dumass thought it was ""sim nokia knee"" and i was like wtf is thaT https://twitter.com/dickarpio/status/1120647995484020736 …",23,2,4,2019,my dumas thought wa sim nokia knee wa like wtf that twitter com dickarpio status 1120647995484020736,-0.5,1.0,negative
43335,"Matte Hard PC Phone Case For Nokia https://globalphonecase.com/for-nokia-6-nokia-5-nokia-3-2-case-cover-coque-matte-hard-pc-phone-case-for-nokia6-nokia5-nokia3-full-protective-case-back-cover/ … - $7.95
 
#oneplus6click #oneplus3t #oneplusphotography #oneplus3 #oneplusx #oneplusclickpic.twitter.com/4Ubwxz4I0P",31,0,0,2019,matte hard pc phone case nokia globalphonecase com nokia 6 nokia 5 nokia 3 2 case cover coque matte hard pc phone case nokia6 nokia5 nokia3 full protective case back cover 7 95 oneplus6click oneplus3t oneplusphotography oneplus3 oneplusx oneplusclickpic twitter com 4ubwxz4i0p,-0.05833333333333335,0.4083333333333333,negative
43718,"Nokia had 43 different phones
Apple only had the iPhone

Nokias lasted for days
iPhones had to be charged every day

It's not about the size of your lineup or how long it takes to refill

#Tesla",41,8,3,2020,nokia had 43 different phone apple only had iphone nokias lasted day iphones had be charged every day not about size your lineup or how long take refill tesla,-0.016666666666666666,0.6666666666666666,negative
43934,"On Valentine's Day, I would get EVERY single girl in the grade a chocolate.

Despite being a hefty expense for an unemployed 14yo, juggling 40+ girls is a scheduling nightmare!

My Nokia 3310 couldn't handle the picture messages, movie date requests & family braai invites.",68,11,4,2020,valentine day would get every single girl grade chocolate despite being hefty expense an unemployed 14yo juggling 40 girl scheduling nightmare my nokia 3310 couldn t handle picture message movie date request family braai invite,-0.07142857142857142,0.21428571428571427,negative
43959,"Nokia 2.3 launched in US. Price, offers & other details https://nokiapoweruser.com/nokia-2-3-launched-in-us-price-offers-other-details/ …pic.twitter.com/1qqm9jlUce",49,1,1,2020,nokia 2 3 launched price offer other detail nokiapoweruser com nokia 2 3 launched price offer other detail pic twitter com 1qqm9jluce,-0.125,0.375,negative
44076,I know I’m slow but I just learned about Tierra Whack and Princess Nokia today. I really like their stuff. What other artists should I pay attention to?,56,1,16,2019,know m slow but just learned about tierra whack princess nokia today really like their stuff what other artist should pay attention,-0.07500000000000001,0.325,negative
44113,"What's with all the LOW RESOLUTIONS camera shots of tragic events.  Low frame rates, low picture quality.  Were all the participants required to purchase old Nokia phones at garage sales before ""tragedy"" struck?",52,14,1,2019,what with all low resolution camera shot tragic event low frame rate low picture quality were all participant required purchase old nokia phone at garage sale before tragedy struck,-0.13,0.37,negative
44258,"If you ever feel useless,
Just remember that  someone once invented a cover for Nokia 3310. pic.twitter.com/j52njemHAx",24,1,4,2019,if you ever feel useless just remember that someone once invented cover nokia 3310 pic twitter com j52njemhax,-0.5,0.2,negative
44900,Exclusive: Official EAN details for Nokia 6.2 and 7.2 common clear case & Flip cover confirm their external similarity https://nokiapoweruser.com/exclusive-official-ean-details-for-nokia-6-2-and-7-2-common-clear-case-flip-cover-confirm-their-external-similarity/ …pic.twitter.com/CvqC01Qqia,43,4,1,2019,exclusive official ean detail nokia 6 2 7 2 common clear case flip cover confirm their external similarity nokiapoweruser com exclusive official ean detail nokia 6 2 7 2 common clear case flip cover confirm their external similarity pic twitter com cvqc01qqia,-0.06666666666666665,0.3277777777777778,negative
44919,WHY WONT POKEMON GO WORK ON MY NOKIA BLOKIA SUCH A SHIT GAME 0 STARS lmao,23,0,0,2019,why wont pokemon work my nokia blokia such shit game 0 star lmao,-2.7755575615628914e-17,0.675,negative
44996,#Nokia - unknown nokia 'Starlord' Runmark Leaks http://www.slashleaks.com/l/unknown-nokia-starlord-runmark-leaks …pic.twitter.com/8yQ70z2Z7t,98,10,2,2019,nokia unknown nokia starlord runmark leak slashleaks com l unknown nokia starlord runmark leak pic twitter com 8yq70z2z7t,-0.1,0.6,negative
45095,Moving house unearths some gems (and some horrors) this photo is my life in mobile phones - minus a few I traded in. Is your first phone here? #nokia #motorola #blackberry #mobile #mobilephone #flashbackpic.twitter.com/gcabkWRB5O,580,21,175,2019,moving house unearths some gem some horror this photo my life mobile phone minus few traded your first phone here nokia motorola blackberry mobile mobilephone flashbackpic twitter com gcabkwrb5o,-0.01666666666666668,0.17777777777777778,negative
45203,"On this Eid-ul-Adha we've decided to sell our 6 digits top-notch phones, branded clothes, expensive car & homes

From this Eid, we'll use Nokia 3310, wear cheap clothes frm Landaa&commute on CD70

Money saved will be donated to the poor

(All Pak leftist & liberals association)",186,63,2,2019,this eid ul adha we ve decided sell our 6 digit top notch phone branded clothes expensive car home from this eid we ll use nokia 3310 wear cheap clothes frm landaa commute cd70 money saved will be donated poor all pak leftist liberal association,-0.01,0.62,negative
45278,"Nokia 7.2 was recently spotted on a benchmarking site ahead of next month's expected launch 
https://gadgets.ndtv.com/mobiles/news/nokia-7-2-geekbench-listing-6gb-ram-octa-core-soc-android-pie-2083371 …?",38,6,0,2019,nokia 7 2 wa recently spotted benchmarking site ahead next month expected launch gadget ndtv com mobile news nokia 7 2 geekbench listing 6gb ram octa core soc android pie 2083371,-0.03333333333333333,0.21666666666666667,negative
45549,"In High School I once had this Nokia 5230 touch phone that had an LCD that would go white when it got cold. So in winter like this haaa the whole season it would be white. So my winter relationships would always go into ""hibernation mode"" during seasons like these.
",116,26,4,2019,high school once had this nokia 5230 touch phone that had an lcd that would white when got cold so winter like this haaa whole season would be white so my winter relationship would always into hibernation mode during season like these,-0.04799999999999999,0.388,negative
45563,"Tech Talks #861 - Fake Samsung App, Nokia Triple Cam, Pixel 4 Cam, OnePlus on Fire, PUBG Lite Beta https://youtu.be/RFKD3p4pogw  via @YouTubeIndia",1380,54,35,2019,tech talk 861 fake samsung app nokia triple cam pixel 4 cam oneplus fire pubg lite beta youtu be rfkd3p4pogw youtubeindia,-0.5,1.0,negative
45584,I'd eat your  till you vibrate harder than a nokia 3310 on a table  pic.twitter.com/jVFvZm2cwW,182,87,12,2019,d eat your till you vibrate harder than nokia 3310 table pic twitter com jvfvzm2cww,-0.1,0.0,negative
45715,A mystery Nokia phone leaked on the web has 3 rear cameras placed inside a round camera module. https://www.indiatoday.in/technology/news/story/unnamed-nokia-smartphone-leaks-with-3-rear-cameras-could-be-new-nokia-8-series-phone-1563531-2019-07-06 …,25,4,0,2019,mystery nokia phone leaked web ha 3 rear camera placed inside round camera module indiatoday technology news story unnamed nokia smartphone leak with 3 rear camera could be new nokia 8 series phone 1563531 2019 07 06,-0.03181818181818183,0.42727272727272725,negative
45742,some of you people never had fake versions of your tunes sold as 8bit nokia ringtones.. and it shows  pic.twitter.com/ZErLE2YnIf,45,1,2,2019,some you people never had fake version your tune sold a 8bit nokia ringtones show pic twitter com zerle2ynif,-0.5,1.0,negative
45987,"'We are Nokia and the iPhone is coming': Gunsberg likens coal-fired power to outdated tech …

THE HOST of Bachelorette??? http://www.abc.net.au/news/2020-02-11/q&a-climate-change-coal-power-osher-gunsberg/11951766 …",26,9,12,2020,we are nokia iphone coming gunsberg likens coal fired power outdated tech host bachelorette abc net au news 2020 02 11 q climate change coal power osher gunsberg 11951766,-0.20000000000000004,0.3166666666666667,negative
46059,"Govt-owned mobile operators such as BSNL have entered into an MoU with Nokia for 5G development. While the rationale is unclear, allegations that Huawei hacked the network in 2009 and 2014 may give a hint for its reasons, say Harsh Pant and Aarshi Tirkey: https://bit.ly/2tBO2FD ",22,12,0,2020,govt owned mobile operator such a bsnl have entered into an mou with nokia 5g development while rationale unclear allegation that huawei hacked network 2009 2014 may give hint it reason say harsh pant aarshi tirkey bit 2tbo2fd,-0.1,0.6,negative
46243,'We are Nokia and the iPhone is coming': Gunsberg likens coal-fired power to outdated tech on Q&A https://www.abc.net.au/news/2020-02-11/q&a-climate-change-coal-power-osher-gunsberg/11951766 …,34,6,10,2020,we are nokia iphone coming gunsberg likens coal fired power outdated tech q abc net au news 2020 02 11 q climate change coal power osher gunsberg 11951766,-0.20000000000000004,0.3166666666666667,negative
46545,"i still despise this man.

stole my dream @ to post a selfie on Twitter for Nokia S40 for fuck sake https://twitter.com/Avizco/status/471229948762783745 …",89,13,5,2019,despise this man stole my dream post selfie twitter nokia s40 fuck sake twitter com avizco status 471229948762783745,-0.4,0.6,negative
46573,who gives a fuck about what phone people use y'all acting like you're unfriending someone just cause they have a Nokia 3310 or something,43,3,1,2019,who give fuck about what phone people use y all acting like you re unfriending someone just cause have nokia 3310 or something,-0.2,0.3,negative
46576,Next flash sale of Nokia TV on 18th December; Average rating 4.7/5 https://nokiamob.net/2019/12/17/next-flash-sale-of-nokia-tv-on-18th-december-average-rating-4-7-5/ …pic.twitter.com/QPzeklmuUo,66,6,0,2019,next flash sale nokia tv 18th december average rating 4 7 5 nokiamob net 2019 12 17 next flash sale nokia tv 18th december average rating 4 7 5 pic twitter com qpzeklmuuo,-0.06,0.15999999999999998,negative
46800,"We want to support international students settling down in Finland, and started a pilot to help them network with employers. Companies involved at the moment: @Bayer, @ericsson_fi, @Nokia, @Supermetrics, @VaisalaGroup, @VTTFinland, @wartsilacorp, @ElisaOyjhttps://www.aalto.fi/en/news/aalto-international-talent-programme-brings-together-international-students-and-companies …",83,27,1,2019,we want support international student settling down finland started pilot help them network with employer company involved at moment bayer ericsson_fi nokia supermetrics vaisalagroup vttfinland wartsilacorp elisaoyjhttps aalto fi en news aalto international talent programme brings together international student company,-0.038888888888888896,0.07222222222222223,negative
47065,one of my partners just informed me of nokia n-gage “sidetalking” and wtf pic.twitter.com/0ao7RkdhrD,65,3,6,2019,one my partner just informed me nokia n gage sidetalking wtf pic twitter com 0ao7rkdhrd,-0.5,1.0,negative
47117,"I used to hate all caps kase my mom texts like that with the old Nokia! Di mo alam if galit or what. Hahahaha!

PWES, GALIT NA GALIT NA GALIT AKO SA PUNYETANG PAKIALAMERANG YAN NA AYAW TUMIGIL. SHE HAD THE GALL TO BLOCK ME AND YET KEEPS ON SUBTWEETING ME? BALIW. https://twitter.com/nawawalost/status/1206835477774401536 …",36,0,6,2019,used hate all cap kase my mom text like that with old nokia di mo alam if galit or what hahahaha pwes galit na galit na galit ako sa punyetang pakialamerang yan na ayaw tumigil she had gall block me yet keep subtweeting me baliw twitter com nawawalost status 1206835477774401536,-0.16666666666666666,0.5333333333333333,negative
47411,"black female rappers/artists who should be on ur radar:

noname
rico nasty
doja cat
lizzo
megan thee stallion
leikeli47
lady leshurr
princess nokia
kash doll
dreezy
malibuu miitch
cupcakke 
teirra whack
omeretta

if there’s anymore to add, pls do :)",1122,267,73,2019,black female rapper artist who should be ur radar noname rico nasty doja cat lizzo megan thee stallion leikeli47 lady leshurr princess nokia kash doll dreezy malibuu miitch cupcakke teirra whack omeretta if there anymore add pls do,-0.3888888888888889,0.5333333333333333,negative
47467,"From playing snakes on nokia 1100 to dealing with snakes everyday, we all grew up.",34,10,2,2019,from playing snake nokia 1100 dealing with snake everyday we all grew up,-0.2,0.6,negative
47605,"I love phone shopping. Even when it's not for me. 

Just bought this for my mom. She hates smartphones. With a passion. 

Options in @VodafoneIreland on Grafton St were this or the Nokia 3310. It's getting harder and harder to find non-smart phones. pic.twitter.com/fZbVhmHZ7Y",30,1,19,2019,love phone shopping even when not me just bought this my mom she hate smartphones with passion option vodafoneireland grafton st were this or nokia 3310 getting harder harder find non smart phone pic twitter com fzbvhmhz7y,-0.05714285714285714,0.42857142857142855,negative
47719,Watching the city game on facebook from a guy sitting in the ground filming it with his Nokia 3310 on.  I think we've scored 3 goals. I think sterling is having a stormer. It looks like sterling anyway judging by his arse from 350ft up in row Z ,39,2,4,2019,watching city game facebook from guy sitting ground filming with his nokia 3310 we ve scored 3 goal sterling having stormer look like sterling anyway judging by his arse from 350ft up row z,-0.4,0.4,negative
47739,"Poco F2 No More,Uninstall VLC Now !,Nokia 7.2 India,A13 Bionic,Netflix Rs.199 Plan Launched #900
https://youtu.be/SfM13Ve5w5U pic.twitter.com/y7UsjTNDuR",323,22,20,2019,poco f2 no more uninstall vlc now nokia 7 2 india a13 bionic netflix r 199 plan launched 900 youtu be sfm13ve5w5u pic twitter com y7usjtndur,-0.25,0.5,negative
47804,"From playing snakes on Nokia 1100 to dealing with snakes everyday,we all grew up !!!",26,7,2,2019,from playing snake nokia 1100 dealing with snake everyday we all grew up,-0.2,0.6,negative
47822,From playing snake games on Nokia to dealing with snakes in real life we all grew up.,88,22,0,2019,from playing snake game nokia dealing with snake real life we all grew up,-0.1,0.35000000000000003,negative
48088,Looking forward to buy a new phone ..my eyes are on Nokia 2720 Flip this baby is sick #FullZeher,50,1,4,2019,looking forward buy new phone my eye are nokia 2720 flip this baby sick fullzeher,-0.288961038961039,0.6558441558441558,negative
48120,"Taken with Nokia N86 (8Mp) 2009... Not bad for its time 
(Unfortunately this is downloaded from FB so loads of quality lost, sorry) pic.twitter.com/Hrwg08Jj4N",22,2,1,2019,taken with nokia n86 8mp 2009 not bad it time unfortunately this downloaded from fb so load quality lost sorry pic twitter com hrwg08jj4n,-0.2166666666666667,0.8888888888888888,negative
48324,"Wide-angle shot by Nokia 7.2, Krabi Thailand pic.twitter.com/aLTbYacjYW",60,3,2,2019,wide angle shot by nokia 7 2 krabi thailand pic twitter com altbyacjyw,-0.1,0.4,negative
48727,"Nobody:
Princess Nokia: my little tiddies  your man loves my tiddies because they’re so little small tittiesmy titties are just so little",27,0,1,2019,nobody princess nokia my little tiddies your man love my tiddies because re so little small tittiesmy titty are just so little,-0.0625,0.5,negative
49160,"Mark's mad Monday question!

What's your mobile wallpaper?

The time I owned Peter Ustinov wannabe Will Self is mine

RT

#takedown
#nokia
#marksmadmondaypic.twitter.com/HGLWnrD59H",56,8,16,2019,mark mad monday question what your mobile wallpaper time owned peter ustinov wannabe will self mine rt takedown nokia marksmadmondaypic twitter com hglwnrd59h,-0.625,1.0,negative
49464,"Google's CEO is Indian
Nokia's CEO is Indian
Adobe's CEO is Indian
Amazon's BOD is Indian
MasterCard's CEO is Indian
Microsoft's CEO is Indian 
NASA has 58% Indian employees. India produces 400,000 engineers a year
In the next few years, India will be the World's IT hub pic.twitter.com/vRsXPHRjHC",27,6,7,2019,google ceo indian nokia ceo indian adobe ceo indian amazon bod indian mastercard ceo indian microsoft ceo indian nasa ha 58 indian employee india produce 400 000 engineer year next few year india will be world hub pic twitter com vrsxphrjhc,-0.1,0.05,negative
49574,"Maria Varsellona speaking at #IPBCGlobal 2019: @nokia spent 4.6 billion Euros on R&D last year, and 130 billion Euros on R&D over last 10 years, and has declared 1,500 patent families that are essential for #5Gpic.twitter.com/9zGL2mEjw0",21,4,0,2019,maria varsellona speaking at ipbcglobal 2019 nokia spent 4 6 billion euro r d last year 130 billion euro r d over last 10 year ha declared 1 500 patent family that are essential 5gpic twitter com 9zgl2mejw0,-0.025,0.13333333333333333,negative
49934,Just got a 'trade-in' at work.. the infamous Nokia walkie. This phone is 1 year younger than myself. pic.twitter.com/U92AcN4AeU,40,1,4,2019,just got trade at work infamous nokia walkie this phone 1 year younger than myself pic twitter com u92acn4aeu,-0.25,0.5,negative
50132,"Google's CEO is Indian
Nokia's CEO is Indian
Adobe's CEO is Indian
Amazon's BOD is Indian
MasterCard's CEO is Indian
Microsoft's CEO is Indian 

In next few years, India will be World's IT hub. While we are teaching children that X people are kaafirs X thing is haram ",196,35,25,2019,google ceo indian nokia ceo indian adobe ceo indian amazon bod indian mastercard ceo indian microsoft ceo indian next few year india will be world hub while we are teaching child that people are kaafirs thing haram,-0.1,0.05,negative
50691,"Nobody:...

Snake game in Nokia phone  https://twitter.com/Dammiedammie_/status/1211167024912781312 …",629,172,13,2020,nobody snake game nokia phone twitter com dammiedammie_ status 1211167024912781312,-0.4,0.4,negative
50789,"if u  experienced using nokia phones (colored) you probably only game snake xenxia(?), bounce and sudoku. snake was fun but after a period of time it gets boring, if u know the cheat with bounce its fun but actually no thrill so u're left with sudoku and thought urself to play it",267,32,23,2020,if experienced using nokia phone colored you probably only game snake xenxia bounce sudoku snake wa fun but after period time get boring if know cheat with bounce it fun but actually no thrill so re left with sudoku thought urself play,-6.938893903907228e-18,0.47500000000000003,negative
50893,Amazed ? You should be ...This picture waa shot on #Nokia 7.2 in #Venice with slight colour correction #nokiamobile #nokia7plus @NokiaMobilepic.twitter.com/8MploOmUXA,22,3,2,2020,amazed you should be this picture waa shot nokia 7 2 venice with slight colour correction nokiamobile nokia7plus nokiamobilepic twitter com 8mploomuxa,-0.16666666666666666,0.16666666666666666,negative
50899,Quality Jenlisa moments being taken with Nokia quality phones. It’s almost cruel.,21,3,0,2020,quality jenlisa moment being taken with nokia quality phone almost cruel,-1.0,1.0,negative
51315,"goddamn i love him w my entire soul, but is that a fucking nokia https://twitter.com/indierocklouist/status/1200408426913812480 …",34,6,3,2019,goddamn love him my entire soul but that fucking nokia twitter com indierocklouist status 1200408426913812480,-0.033333333333333326,0.6750000000000002,negative
51817,I miss my Nokia phone. I can smash it when I’m angry and still can use it afterwards,45,3,3,2019,miss my nokia phone can smash when m angry can use afterwards,-0.5,1.0,negative
51959,"There was a soldier there that was already half dead. He knew he would die eventually and instead of him ""reciting silently"", the pain was too much so he was ""singing aloud"" national anthem, so loud Adolf Hitler heard, hence the Nokia 3310 effect",32,4,3,2019,there wa soldier there that wa already half dead he knew he would die eventually instead him reciting silently pain wa too much so he wa singing aloud national anthem so loud adolf hitler heard hence nokia 3310 effect,-0.013333333333333336,0.33333333333333337,negative
52003,dead doesn't make a difference.... that is closer then a copy of Huawei... who btw hasn't released a round camera as of yet... also... Nokia did it well before that,38,1,1,2019,dead doesn t make difference that closer then copy huawei who btw hasn t released round camera a yet also nokia did well before that,-0.2,0.4,negative
52047,"Nokia 7.2, 6.2, 2720 Flip, 800 Tough & 110 2019 pre-order opens in Russia https://nokiapoweruser.com/nokia-7-2-6-2-2720-flip-800-tough-110-2019-pre-order-opens-in-russia/ …pic.twitter.com/DdYHvg2eGy",20,2,0,2019,nokia 7 2 6 2 2720 flip 800 tough 110 2019 pre order open russia nokiapoweruser com nokia 7 2 6 2 2720 flip 800 tough 110 2019 pre order open russia pic twitter com ddyhvg2egy,-0.19444444444444445,0.6666666666666667,negative
52819,"Nokia is leading the update game with 96% of its phones running Android Pie

For comparison, just 16% of LG phones have Pie 


https://www.androidcentral.com/nokia-leads-pack-android-updates-96-running-android-pie?utm_source=ac_tw&utm_medium=tw_card&utm_content=79159&utm_campaign=social …",310,42,11,2019,nokia leading update game with 96 it phone running android pie comparison just 16 lg phone have pie androidcentral com nokia lead pack android update 96 running android pie utm_source ac_tw utm_medium tw_card utm_content 79159 utm_campaign social,-0.18333333333333335,0.23333333333333334,negative
53042,The entire plot of death stranding is the excuse I'm going to use when my estranged children track me down in 18 years. I was delivering a carton of Newports to the first black female president or some shit like. I WAS CONNECTING PEOPLE LIKE NOKIA NIGGUH,23,2,2,2019,entire plot death stranding excuse m going use when my estranged child track me down 18 year wa delivering carton newport first black female president or some shit like wa connecting people like nokia nigguh,-0.04603174603174604,0.38531746031746034,negative
53073,"How many phones have you used so far ?
 what are the brands of phones you used in chronological order?  

Me : Multilinks 
         Nokia
         Samsung
          Infinix. X 2 
          Injoo .. very stupid phone 
          Infinix  X 2

Let's know yours. !",24,1,8,2019,how many phone have you used so far what are brand phone you used chronological order me multilinks nokia samsung infinix 2 injoo very stupid phone infinix 2 let know yours,-0.1,0.625,negative
53096,"Did You Know: The Elder Scrolls Travels: Shadowkey was released on 11/11/04, making it Shadowkey's fifteenth release anniversary today? Sadly, Shadowkey was only released on the infamously unsuccessful Nokia N-Gage, dooming the game to relative obscurity. pic.twitter.com/OjYzraNMuU",190,25,9,2019,did you know elder scroll travel shadowkey wa released 11 11 04 making shadowkey fifteenth release anniversary today sadly shadowkey wa only released infamously unsuccessful nokia n gage dooming game relative obscurity pic twitter com ojyzranmuu,-0.27999999999999997,0.6799999999999999,negative
53399,Nokia8.1 in artificial lighting condition #ProMode #ShotOnNokia @sarvikas @mehta_ajey @NokiaMobile @NokiamobileIN @nokia @ZEISSLenses @NokiaFanss @Nokiapoweruserpic.twitter.com/9rBEu1tgZl,64,3,1,2019,nokia8 1 artificial lighting condition promode shotonnokia sarvikas mehta_ajey nokiamobile nokiamobilein nokia zeisslenses nokiafanss nokiapoweruserpic twitter com 9rbeu1tgzl,-0.6,1.0,negative
53586,Unknown Nokia TA-1208 passed the BT certification https://nokiamob.net/2019/11/11/unknown-nokia-ta-1208-passed-the-bt-certification/ …pic.twitter.com/RXA5NlOOpZ,32,2,2,2019,unknown nokia ta 1208 passed bt certification nokiamob net 2019 11 11 unknown nokia ta 1208 passed bt certification pic twitter com rxa5nloopz,-0.06666666666666667,0.39999999999999997,negative
53626,"What a colourful world. 
Ultra Wide Angle Shot via Nokia 7.2

#Nokia7 #ShotOnNokia #kualalumpur #instaMalaysia @sarvikas @NokiaMobilepic.twitter.com/HPQCI8Z5aY",111,7,0,2019,what colourful world ultra wide angle shot nokia 7 2 nokia7 shotonnokia kualalumpur instamalaysia sarvikas nokiamobilepic twitter com hpqci8z5ay,-0.1,0.4,negative
53705,Nokia 800 rough we shall find out if it is.... pic.twitter.com/ARO9SAFspJ,26,1,2,2019,nokia 800 rough we shall find out if pic twitter com aro9safspj,-0.1,0.4,negative
53858,My short-lived experiment with the Nokia 3310 is over. Brought to a savage end by my bastard dog. Left it on the armchair for a minute. Scum. Sub-human scum. pic.twitter.com/iH9cK9ZI7S,53,0,5,2019,my short lived experiment with nokia 3310 over brought savage end by my bastard dog left armchair minute scum sub human scum pic twitter com ih9ck9zi7s,-0.12,0.24,negative
53895,In depth look at the Nokia 800 tough. #Nokia #Nokia800Tough http://techbuzzireland.com/2019/10/23/in-depth-look-at-the-nokia-800-tough-nokia-nokia800tough/ …pic.twitter.com/9I32ZQL1Mj,20,3,3,2019,depth look at nokia 800 tough nokia nokia800tough techbuzzireland com 2019 10 23 depth look at nokia 800 tough nokia nokia800tough pic twitter com 9i32zql1mj,-0.3888888888888889,0.8333333333333334,negative
53908,"Which phone do you think President Buhari is using? 

1. iPhone
2. Samsung 
3. Huawei 
4. Nokia
5. Infinix
6. I don't give two fucks",64,11,23,2019,which phone do you president buhari using 1 iphone 2 samsung 3 huawei 4 nokia 5 infinix 6 don t give two fuck,-0.4,0.6,negative
53966,"Taken on the Nokia 7.2 slight edits in contrast and brightness and in a LITTLE in saturation. 

#Nokia72 #Nokia pic.twitter.com/CcZEfXdAxq",41,7,3,2019,taken nokia 7 2 slight edits contrast brightness little saturation nokia72 nokia pic twitter com cczefxdaxq,-0.17708333333333331,0.3333333333333333,negative
54162,"Some Corporates that failed to innovate

1 Kodak
2 Nokia
3 Xerox
4 Blockbuster
5 Yahoo
6 Segway
7 IBM
8 JCPenney
9 Tie Rack
10 BlackBerry Motion
11 MySpace
12 Commodore Corps
13 Sears
14 Macy's
15 Hitachi
16 Polaroid
17 Toshiba
18 RadioShack
19 Motorola
20 Borders

(Valuer)",49,47,2,2019,some corporates that failed innovate 1 kodak 2 nokia 3 xerox 4 blockbuster 5 yahoo 6 segway 7 ibm 8 jcpenney 9 tie rack 10 blackberry motion 11 myspace 12 commodore corp 13 sears 14 macy 15 hitachi 16 polaroid 17 toshiba 18 radioshack 19 motorola 20 border valuer,-0.5,0.3,negative
54879,HERE partners with Nokia to make base station instalment easier for operators https://nokiamob.net/2020/02/29/here-partners-with-nokia-to-make-base-station-instalment-easier-for-operators/ …pic.twitter.com/OM9KPbCyWN,53,8,3,2020,here partner with nokia make base station instalment easier operator nokiamob net 2020 02 29 here partner with nokia make base station instalment easier operator pic twitter com om9kpbcywn,-0.5333333333333333,0.6666666666666666,negative
54894,"""Duterte’s foul attacks on big companies like ABS-CBN & Maynilad perversely signal that laws, regulations & contracts in the Philippines are malleable & that government can change the rules of the game on a whim""
Why Nokia, Wells Fargo & Honda are leaving https://www.rappler.com/thought-leaders/252816-analysis-why-nokia-wells-fargo-honda-leaving-philippines …",493,189,15,2020,duterte foul attack big company like ab cbn maynilad perversely signal that law regulation contract philippine are malleable that government can change rule game whim why nokia well fargo honda are leaving rappler com thought leader 252816 analysis why nokia well fargo honda leaving philippine,-0.2,0.25,negative
